scan_id,sample_id,albedo
20210730_00011,whi21.03,0.3399689957298246
20210730_00012,whi21.04,0.3513152698996075
20210730_00013,whi21.04,0.35896027421370424
20210730_00018,whi21.05,0.46857324485151136
20210730_00028,whi21.06,0.530730756160285
20210730_00029,whi21.06,0.5191717128745711
20210730_00030,whi21.07,0.5815381500891541
20210730_00031,whi21.07,0.5936744161083435
20210730_00032,whi21.08,0.5358064775175873
20210730_00033,whi21.08,0.5143352671050502
20210730_00034,whi21.09,0.588117446185134
20210730_00035,whi21.09,0.5794619607311068
20210730_00036,whi21.10,0.2522237699061325
20210730_00037,whi21.10,0.24958645794492573
20210803_00081,tri21.03,0.3058285011589881
20210803_00082,tri21.03,0.30064955898245654
20210803_00083,tri21.04,0.5263830621524848
20210803_00084,tri21.04,0.5331664814132102
20210803_00085,tri21.05,0.7116927858046277
20210803_00086,tri21.05,0.7199661098079285
20210803_00177,tri21.06,0.24131114304709078
20210803_00178,tri21.06,0.24429016739123133
20210803_00183,tri21.09,0.47224867463929765
20210803_00184,tri21.09,0.46877522271126765
20210803_00185,tri21.10,0.47220715136794855
20210803_00186,tri21.10,0.4848076320994926
20210803_00187,tri21.11,0.5557523170826516
20210803_00188,tri21.11,0.5579343920924895
20210803_00189,tri21.12,0.3222764853667704
20210803_00190,tri21.12,0.34086883590486927
20210803_00193,tri21.14,0.25496732626416013
20210803_00194,tri21.14,0.2527244550403903
20210803_00195,tri21.15,0.32397356888193096
20210803_00196,tri21.15,0.31700277027596907
20210805_00100,bdw21.02,0.4434434860346503
20210805_00101,bdw21.02,0.45457386797103466
20210805_00102,bdw21.03,0.3542285110851066
20210805_00103,bdw21.03,0.3230755596103259
20210805_00104,bdw21.04,0.23971400591937028
20210805_00105,bdw21.04,0.24118047925996672
20210805_00106,bdw21.06,0.6709443022577355
20210805_00107,bdw21.06,0.6865991326808529
20210805_00109,bdw21.07,0.7631822345659743
20210805_00110,bdw21.09,0.5846724151213403
20210805_00111,bdw21.09,0.5993660792378326
20210805_00112,bdw21.08,0.571075838563509
20210805_00113,bdw21.08,0.5297070107801736
20210805_00114,bdw21.10,0.6375261514735941
20210805_00115,bdw21.10,0.6186449419166987
